,,,temp,temp,temp,temp,temp,temp,temp,temp
,,,count,mean,std,min,25%,50%,75%,max
Year,Month,Day,,,,,,,,
2021,1,1,24.0,0.9250000000000002,0.6771102280054299,0.0,0.5,1.0,1.15,2.0
2021,1,2,24.0,1.5583333333333333,0.992106527707,0.2,0.8,1.2,2.65,2.8
2021,1,3,24.0,1.2916666666666667,1.2384831769992455,-0.2,0.15000000000000002,0.8,2.8,3.0
2021,1,4,24.0,-0.041666666666666664,0.44125972502318433,-0.6,-0.4,-0.2,0.2,1.0
2021,1,5,24.0,-0.6416666666666667,0.37753970901622785,-1.6,-0.8500000000000001,-0.5,-0.4,-0.2
2021,1,6,24.0,-0.425,0.3686048903872428,-1.0,-0.8,-0.5,-0.07500000000000001,0.2
2021,1,7,24.0,-1.0833333333333333,0.3583375463183411,-2.0,-1.05,-1.0,-0.95,-0.4
2021,1,8,24.0,-1.2583333333333335,0.8717382268960586,-2.4,-2.0,-1.5,-0.5,0.2
2021,1,9,24.0,-1.2625,0.5716585329205448,-2.0,-1.825,-1.2999999999999998,-0.95,-0.2
2021,1,10,24.0,-1.4666666666666668,0.6585007125324901,-2.6,-2.0,-1.7000000000000002,-1.0,0.2
2021,1,11,24.0,-2.2,0.8129388446970603,-3.0,-2.8499999999999996,-2.2,-2.0,-0.2
2021,1,12,24.0,-0.3833333333333333,1.7887733632094192,-2.2,-2.0,-1.3,1.15,3.0
2021,1,13,24.0,6.095833333333334,1.1319391467230286,4.6,5.0,6.1,7.2,8.0
2021,1,14,24.0,5.95,3.6208334375677507,-1.0,3.85,6.4,8.850000000000001,11.0
2021,1,15,24.0,0.20833333333333334,0.5157659282597321,-0.6,-0.05,0.0,0.65,1.0
2021,1,16,24.0,-0.8083333333333332,0.9259151368131477,-1.8,-1.45,-1.0,-0.55,1.6
2021,1,17,24.0,-0.1583333333333334,1.710305507076508,-2.2,-1.6,-0.9,1.15,3.0
2021,1,18,24.0,2.075,1.0040136842996064,0.4,1.5,2.0,2.8499999999999996,3.8
2021,1,19,24.0,1.275,0.77529797918074,0.2,0.6,1.0,2.0,2.6
2021,1,20,24.0,0.7333333333333334,0.7659416862050705,-0.2,0.0,0.6,1.4,2.2
2021,1,21,24.0,-0.4083333333333334,0.4548450922797942,-1.0,-0.8,-0.5,0.0,0.4
2021,1,22,24.0,-0.8999999999999999,0.5532512598464997,-2.0,-1.25,-0.8,-0.6,0.0
2021,1,23,24.0,2.1416666666666666,1.6048612744237203,-1.2,1.5,2.2,3.0,4.8
2021,1,24,24.0,2.2416666666666667,1.4154171812937164,0.2,0.95,2.1,3.0,4.8
2021,1,25,24.0,1.6000000000000003,1.316120782087829,0.0,0.4,1.2999999999999998,2.1,4.2
2021,1,26,24.0,1.6500000000000001,0.7807465769321722,0.4,1.0,1.4,2.05,3.2
2021,1,27,24.0,0.9750000000000001,1.1349200316590018,-0.4,0.0,0.7,1.5499999999999998,3.4
2021,1,28,24.0,1.4166666666666667,1.55693865358096,-0.8,0.0,1.7000000000000002,2.2,4.4
2021,1,29,24.0,6.025000000000001,1.6973764922732195,3.4,4.15,6.4,7.0,9.0
2021,1,30,24.0,5.166666666666667,1.4892854039749244,2.0,5.0,5.5,6.0,7.0
2021,1,31,24.0,3.5250000000000004,1.8722806367125353,1.0,2.0,3.4000000000000004,4.6499999999999995,7.2
2021,2,1,24.0,2.3000000000000003,1.0095199031136577,1.0,1.55,2.1,3.05,4.2
2021,2,2,24.0,3.0750000000000006,1.1124786270540994,1.8,2.0,2.8,3.8499999999999996,5.0
2021,2,3,24.0,2.7916666666666665,0.2976964702608969,2.0,2.8,2.9,3.0,3.0
2021,2,4,24.0,3.9166666666666665,1.0196617796737977,2.6,3.0,3.9000000000000004,5.0,5.0
2021,2,5,24.0,4.458333333333333,0.49862128755779883,3.6,4.0,4.5,5.0,5.0
2021,2,6,24.0,3.9333333333333336,0.17362294645648635,3.6,3.8,3.9,4.0,4.2
2021,2,7,24.0,2.6750000000000003,0.4711226185815434,2.0,2.4,2.6,2.8,3.8
2021,2,8,24.0,3.283333333333333,1.481382041751279,1.8,2.0,3.0,4.0,7.0
2021,2,9,24.0,3.8625000000000003,1.5586539622100357,2.0,2.75,3.6,4.85,7.1
2021,2,10,24.0,3.4,2.170353607735084,1.2,1.875,2.8499999999999996,3.8,8.5
2021,2,11,24.0,2.3208333333333333,3.9708699262270595,-4.2,-1.55,2.4000000000000004,5.95,7.4
2021,2,12,24.0,-0.5833333333333334,2.062431377865891,-3.0,-2.0,-1.0,1.0,3.0
2021,2,13,24.0,-4.233333333333333,1.8355585968088408,-6.0,-5.0,-4.5,-4.0,4.0
2021,2,14,24.0,-2.6666666666666665,2.3874065730259555,-5.6,-5.0,-2.4,-1.05,1.2
2021,2,15,24.0,-0.5,1.666028863469371,-2.6,-2.0,-0.3,0.65,2.6
2021,2,16,24.0,1.5666666666666667,1.71911672635705,-0.8,0.0,1.9000000000000001,3.0,4.4
2021,2,17,24.0,4.425,2.153510783732502,2.0,2.2,4.1,6.2,9.0
2021,2,18,24.0,4.358333333333333,0.6378746412666164,3.4,4.0,4.1,5.0,5.4
2021,2,19,24.0,4.791666666666667,1.1454699687356984,3.5,4.0,4.300000000000001,5.6,7.0
2021,2,20,24.0,4.941666666666666,2.573259929868467,1.5,2.1750000000000003,5.199999999999999,7.1,8.7
2021,2,21,24.0,6.195833333333334,1.922516278365338,3.4,4.574999999999999,6.2,7.675000000000001,9.1
2021,2,22,24.0,7.216666666666666,1.1465133028548722,5.8,6.0,7.5,8.05,9.2
2021,2,23,24.0,10.108333333333333,1.861256393493073,7.8,8.35,10.100000000000001,11.6,13.6
2021,2,24,24.0,12.441666666666668,1.4482122912679998,10.8,11.0,13.0,13.35,15.4
2021,2,25,24.0,12.841666666666667,1.6544844636864107,10.4,11.700000000000001,12.6,13.850000000000001,16.2
2021,2,26,24.0,13.058333333333332,1.845774649834322,10.0,11.9,12.8,14.25,17.0
2021,2,27,24.0,11.441666666666668,1.7387943515842952,5.1,10.8,11.8,12.25,13.8
2021,2,28,24.0,8.658333333333333,1.4415923160856199,6.8,7.55,8.4,9.65,12.0
2021,3,1,24.0,8.966666666666667,2.4357244555138835,6.0,7.0,7.9,10.8,13.8
2021,3,2,24.0,10.541666666666666,1.4832152696867316,8.6,9.55,10.1,11.2,14.6
2021,3,3,24.0,9.791666666666666,0.9183712741051135,8.6,9.0,9.9,10.4,11.4
2021,3,4,24.0,8.691666666666666,1.623714653306522,7.0,7.4,8.3,9.399999999999999,12.4
2021,3,5,24.0,9.133333333333335,2.169886125376502,6.4,7.449999999999999,8.6,10.65,13.4
2021,3,6,24.0,5.316666666666667,2.2184339691237867,3.0,3.6,4.3,7.25,9.2
2021,3,7,24.0,5.466666666666668,0.9503622497748432,4.2,4.6,5.699999999999999,6.2,7.0
2021,3,8,24.0,6.641666666666667,2.0421464978890667,4.4,4.75,6.6,7.8,10.8
2021,3,9,24.0,6.25,0.7465864346127821,5.2,5.8,6.2,6.6499999999999995,7.6
2021,3,10,24.0,7.766666666666667,1.8637658620131972,5.8,6.2,7.5,8.8,12.2
2021,3,11,24.0,7.325,1.415212382279254,5.2,6.3500000000000005,7.2,8.05,10.6
2021,3,12,24.0,8.525,2.4085445722514125,5.2,6.449999999999999,8.6,10.45,12.4
2021,3,13,24.0,9.85,2.0711265575505773,7.8,8.2,9.0,11.1,14.8
2021,3,14,24.0,8.008333333333333,1.1135203348982379,6.0,6.95,8.5,8.8,9.6
2021,3,15,24.0,8.645833333333334,2.0523537212433554,6.2,6.6,8.9,10.55,12.0
2021,3,16,24.0,8.983333333333333,1.9336081763661803,6.8,7.2,8.1,10.7,13.4
2021,3,17,24.0,7.758333333333333,1.8490694878815377,5.2,6.0,7.8,8.950000000000001,11.0
2021,3,18,24.0,6.233333333333333,1.4466352764910737,4.0,5.15,6.0,7.1,9.0
2021,3,19,24.0,2.9000000000000004,1.2483031961687905,1.0,2.0,2.7,3.5,6.0
2021,3,20,24.0,3.516666666666667,2.152383242637892,0.6,1.55,3.7,5.05,7.6
2021,3,21,24.0,2.591666666666667,2.363842977692978,-0.4,0.0,2.7,4.05,7.0
2021,3,22,24.0,7.425,3.0715029602431785,3.8,4.2,7.7,9.55,13.0
2021,3,23,24.0,7.033333333333332,2.857585886976851,2.4,5.25,6.8,8.35,12.2
2021,3,24,24.0,9.416666666666666,3.4185767018843776,5.8,6.0,9.0,11.7,15.2
2021,3,25,24.0,10.275,2.495082119411843,7.0,8.4,9.6,11.549999999999999,15.6
2021,3,26,24.0,9.558333333333334,2.1174054399432927,7.0,8.0,9.0,11.1,14.2
2021,3,27,24.0,9.266666666666666,1.9690356648053287,7.0,7.75,9.0,11.0,13.0
2021,3,28,23.0,10.043478260869565,1.9558365071466859,7.8,8.2,9.4,11.899999999999999,13.8
2021,3,29,24.0,12.6,2.916817801467298,9.2,10.149999999999999,11.2,14.7,18.0
2021,3,30,24.0,14.241666666666667,2.6598327287495986,11.4,12.0,13.0,16.0,19.8
2021,3,31,24.0,14.866666666666667,2.5528614238292224,12.0,12.9,14.6,16.2,20.0
2021,4,1,24.0,15.583333333333334,2.440182934458642,12.0,13.9,14.600000000000001,17.3,20.2
2021,4,2,24.0,16.241666666666667,2.726985382315483,13.0,14.149999999999999,15.6,18.15,21.6
2021,4,3,24.0,14.291666666666666,1.8405851306550332,10.0,13.0,14.3,15.55,17.2
2021,4,4,24.0,10.225,2.3717999035771746,7.2,8.75,9.6,11.15,15.0
2021,4,5,24.0,9.875,2.3853265203522245,7.0,8.0,9.0,12.05,14.2
2021,4,6,24.0,8.858333333333334,2.2484616319041177,3.8,8.1,9.0,10.850000000000001,12.0
2021,4,7,24.0,5.341666666666666,3.0259625370057575,2.0,2.8,4.7,6.9,12.0
2021,4,8,24.0,7.466666666666666,3.3769894834030048,4.0,4.8,6.3,9.35,14.2
2021,4,9,24.0,7.983333333333333,2.5727107454414972,4.4,6.0,7.5,9.7,13.8
2021,4,10,24.0,7.125,0.7338107800172775,5.4,6.8,7.0,7.8,8.0
2021,4,11,24.0,5.958333333333333,1.4530078747405226,4.0,4.8,5.9,7.2,8.4
2021,4,12,24.0,7.391666666666666,1.5819406537174703,5.6,6.0,7.199999999999999,8.2,10.2
2021,4,13,24.0,8.291666666666666,2.681971479060274,5.0,6.300000000000001,7.1,10.05,13.8
2021,4,14,24.0,6.191666666666667,1.9502322418372253,3.6,4.0,6.0,7.95,9.4
2021,4,15,24.0,4.1499999999999995,1.635742086611775,2.0,2.8,4.0,5.5,7.0
2021,4,16,24.0,3.733333333333333,1.762080456798691,2.0,2.0,3.0999999999999996,5.05,7.0
2021,4,17,24.0,7.166666666666667,2.102310668033518,5.0,5.2,7.1,8.55,10.8
2021,4,18,24.0,7.783333333333334,1.772168081798374,5.6,6.0,7.4,9.8,11.0
2021,4,19,24.0,8.966666666666667,3.067170721020279,5.8,6.2,7.5,11.0,14.6
2021,4,20,24.0,11.274999999999999,2.5975322737250983,8.4,9.4,10.0,12.5,17.0
2021,4,21,24.0,9.008333333333333,1.3180739131701644,7.4,8.149999999999999,9.0,9.6,12.6
2021,4,22,24.0,11.283333333333333,3.1655299256435603,8.0,8.4,10.1,13.6,17.2
2021,4,23,24.0,12.558333333333332,2.5848920029019906,9.8,10.4,12.0,13.7,17.8
2021,4,24,24.0,13.774999999999999,3.0935065231377243,10.0,11.149999999999999,12.8,15.6,19.2
2021,4,25,24.0,14.725000000000001,2.472676775234201,11.4,13.0,14.1,16.9,19.4
2021,4,26,24.0,10.575000000000001,2.0407266395554564,8.0,9.2,10.0,11.45,14.8
2021,4,27,24.0,8.441666666666666,1.0333216455627,7.2,7.6,8.1,9.35,10.0
2021,4,28,24.0,9.35,1.2897589933276548,8.0,8.6,8.9,9.5,12.8
2021,4,29,24.0,9.625000000000002,0.5542327246234007,8.6,9.2,9.8,10.0,10.4
2021,4,30,24.0,10.000000000000002,1.2758628793708677,8.4,9.0,9.6,11.2,12.0
2021,5,1,24.0,9.9,0.6241515980843954,8.6,9.6,9.8,10.299999999999999,11.0
2021,5,2,24.0,11.199999999999998,2.6657244712313646,8.0,8.8,10.8,13.7,16.0
2021,5,3,24.0,11.591666666666667,2.801539431884869,8.4,9.3,10.8,13.35,17.0
2021,5,4,24.0,11.933333333333332,2.4335814842695758,9.0,10.149999999999999,10.7,14.0,16.0
2021,5,5,24.0,11.933333333333332,3.279802044220865,8.0,8.9,11.5,14.45,17.2
2021,5,6,24.0,13.258333333333333,2.5534148774204097,10.2,11.2,12.399999999999999,14.8,18.8
2021,5,7,24.0,13.408333333333337,3.5329402297048085,9.0,10.55,13.0,16.2,18.8
2021,5,8,24.0,12.958333333333334,1.7082705891623555,10.0,11.8,13.0,14.25,16.0
2021,5,9,24.0,13.525,0.8979445126655028,12.2,13.0,13.5,14.2,15.4
2021,5,10,24.0,12.008333333333335,1.0458683376554359,10.4,10.95,12.4,12.850000000000001,13.8
2021,5,11,24.0,11.208333333333334,1.1088249427313532,9.0,11.0,11.0,11.850000000000001,13.0
2021,5,12,24.0,12.791666666666666,3.1426818603483104,9.0,10.25,12.2,15.2,19.0
2021,5,13,24.0,13.254166666666668,3.123957797224633,9.2,10.600000000000001,13.0,15.9,19.4
2021,5,14,24.0,10.975,1.5948967528256848,9.4,10.0,10.3,11.399999999999999,15.0
2021,5,15,24.0,11.35,1.8615094389511828,9.2,9.95,10.9,12.2,15.0
2021,5,16,24.0,12.241666666666667,2.2418774482013113,9.6,10.0,12.2,14.1,16.0
2021,5,17,24.0,14.199999999999998,2.2542713080804586,11.6,12.0,13.8,16.6,18.2
2021,5,18,24.0,14.424999999999999,2.252196995013497,12.0,12.95,13.6,15.3,20.2
2021,5,19,24.0,14.241666666666665,2.689741650219875,11.0,12.0,13.5,16.4,19.2
2021,5,20,24.0,14.733333333333334,3.3728670125070113,11.0,12.0,14.0,17.1,21.0
2021,5,21,24.0,14.1,1.736563322747847,11.4,12.9,13.899999999999999,15.9,17.2
2021,5,22,24.0,12.916666666666666,2.2192177757561073,10.2,10.75,12.6,14.8,17.0
2021,5,23,24.0,14.841666666666667,2.9588359442401564,11.2,12.5,14.1,16.75,20.6
2021,5,24,24.0,12.641666666666666,1.1313388246815734,10.8,11.75,12.600000000000001,13.8,14.2
2021,5,25,24.0,14.375,3.306022173049608,10.2,11.35,14.2,16.85,20.2
2021,5,26,24.0,14.700000000000001,2.9316859669302326,11.0,12.600000000000001,14.0,16.700000000000003,20.2
2021,5,27,24.0,17.25,3.508127210028041,13.2,14.6,16.0,19.65,24.4
2021,5,28,24.0,16.575,3.0189618140649954,11.6,14.55,16.700000000000003,18.85,22.0
2021,5,29,24.0,17.516666666666666,2.3270931048930077,14.6,15.85,17.0,19.25,21.8
2021,5,30,24.0,16.091666666666665,2.411551307798556,12.4,14.25,16.0,18.0,20.4
2021,5,31,24.0,16.400000000000002,2.9382041246756274,13.0,13.8,16.2,17.25,22.2
2021,6,1,24.0,17.408333333333335,2.048523681913958,15.0,15.75,16.9,19.25,21.0
2021,6,2,24.0,15.15,1.444931170317992,12.6,14.3,15.2,16.6,17.4
2021,6,3,24.0,17.675,2.9351320242878343,14.4,14.95,17.5,20.1,22.8
2021,6,4,24.0,19.658333333333335,2.589933131026437,16.8,17.6,18.2,21.85,25.0
2021,6,5,24.0,18.191666666666666,1.8996376466067937,16.0,16.55,18.0,19.65,21.8
2021,6,6,24.0,18.75,2.9288668234600936,15.4,16.0,18.6,21.0,24.0
2021,6,7,24.0,16.354166666666668,1.8311268012671436,14.4,15.0,15.600000000000001,17.675,20.6
2021,6,8,24.0,16.308333333333334,2.3810696658483534,13.0,14.35,15.9,17.4,22.0
2021,6,9,24.0,18.55,3.0401658993634166,15.4,16.0,17.3,20.85,24.0
2021,6,10,24.0,19.53333333333333,2.743952507300161,15.4,17.0,19.0,21.15,24.8
2021,6,11,24.0,20.283333333333335,2.519431727966459,17.2,18.15,19.700000000000003,22.1,25.2
2021,6,12,24.0,20.516666666666666,3.531186112670761,16.4,17.0,20.0,24.0,25.0
2021,6,13,24.0,24.683333333333334,2.4013884872437172,21.2,22.2,24.7,27.0,28.0
2021,6,14,24.0,24.433333333333337,3.4412670399984524,19.4,21.15,25.0,26.65,30.2
2021,6,15,24.0,22.933333333333337,2.6041215938128386,19.2,20.75,23.1,24.5,27.4
2021,6,16,24.0,23.149999999999995,1.0151033359262966,21.2,22.4,23.0,24.05,25.2
2021,6,17,24.0,21.916666666666668,2.6877607726534167,18.8,19.95,21.1,23.65,27.4
2021,6,18,24.0,23.075,2.931574736346083,20.0,20.7,22.1,25.25,28.4
2021,6,19,24.0,22.883333333333336,2.129639011391504,20.8,21.0,22.0,24.650000000000002,27.0
2021,6,20,24.0,21.233333333333334,1.000289813076654,19.6,20.55,21.1,21.85,23.8
2021,6,21,24.0,20.71666666666667,2.214510774644028,18.2,19.15,19.6,22.3,25.0
2021,6,22,24.0,19.441666666666666,2.338322822706139,16.6,18.0,18.700000000000003,20.2,25.0
2021,6,23,24.0,19.650000000000002,1.9303074771967652,18.0,18.2,19.0,20.55,23.6
2021,6,24,24.0,19.25,1.5004347196149808,17.0,18.4,18.8,19.4,23.2
2021,6,25,24.0,20.474999999999998,3.5321196985970604,16.8,17.0,19.4,23.4,26.6
2021,6,26,24.0,21.3,2.5318836431812373,18.0,19.15,20.7,22.549999999999997,27.0
2021,6,27,24.0,22.71666666666667,2.284858794355775,20.0,20.75,22.200000000000003,24.85,26.4
2021,6,28,24.0,22.95,1.8763980295282212,20.8,21.75,22.0,24.700000000000003,27.0
2021,6,29,24.0,21.98333333333333,2.533199843927708,18.0,19.75,21.8,24.2,26.4
2021,6,30,24.0,21.208333333333332,2.9655876559170418,17.4,18.75,20.799999999999997,23.549999999999997,26.4
2021,7,1,24.0,22.875,3.320980735186258,19.2,19.75,22.1,25.65,28.8
2021,7,2,24.0,23.166666666666668,3.3599516904739626,19.0,20.2,22.3,25.650000000000002,29.4
2021,7,3,24.0,21.724999999999998,1.827150311515056,19.0,20.0,21.4,23.0,25.0
2021,7,4,24.0,20.858333333333334,1.818244893504069,18.8,19.95,20.0,21.4,25.0
2021,7,5,24.0,22.400000000000002,3.648466026678347,18.6,19.0,21.2,25.05,29.2
2021,7,6,24.0,21.958333333333332,0.9454314251759062,20.6,21.2,21.700000000000003,22.549999999999997,23.8
2021,7,7,24.0,20.799999999999997,1.6460757022054926,17.6,19.75,20.299999999999997,21.4,23.8
2021,7,8,24.0,18.925,1.6720853941163987,16.0,17.349999999999998,19.2,19.8,22.6
2021,7,9,24.0,20.425,3.8054023383239963,16.0,17.0,19.3,23.25,26.6
2021,7,10,24.0,22.63333333333333,2.457051372941836,19.6,20.55,21.9,24.85,27.8
2021,7,11,24.0,22.650000000000002,3.5416773230871224,18.2,19.95,21.5,25.1,29.0
2021,7,12,24.0,22.275000000000002,1.608469431802631,20.0,21.1,22.5,23.05,25.2
2021,7,13,24.0,19.133333333333333,2.6570115063596424,13.2,16.15,20.0,20.85,23.2
2021,7,14,24.0,18.691666666666666,3.221654539365525,14.4,15.75,18.5,21.2,24.0
2021,7,15,24.0,18.566666666666666,1.3301411061683797,16.0,17.6,18.8,19.6,20.6
2021,7,16,24.0,20.083333333333332,1.627926573140273,18.0,18.75,20.0,21.25,23.6
2021,7,17,24.0,22.71666666666667,3.6014087420808303,18.0,19.450000000000003,23.200000000000003,25.4,28.8
2021,7,18,24.0,25.425,2.857978914943368,22.0,22.95,25.2,27.8,30.6
2021,7,19,24.0,24.475000000000005,2.009380176982985,21.8,23.55,24.0,24.700000000000003,29.4
2021,7,20,24.0,25.175,2.762678284626682,22.0,23.15,24.1,26.65,30.8
2021,7,21,24.0,24.0,1.8081939103401778,21.0,22.2,24.299999999999997,25.0,27.4
2021,7,22,24.0,23.63333333333333,1.947722564536797,21.0,22.0,23.2,24.85,28.0
2021,7,23,24.0,22.808333333333334,2.143933132204062,19.0,21.6,23.4,24.8,25.8
2021,7,24,24.0,23.133333333333336,1.3521855631167825,21.0,22.349999999999998,23.1,23.85,26.2
2021,7,25,24.0,21.90833333333333,2.357581049677211,18.8,20.299999999999997,21.0,23.45,27.2
2021,7,26,24.0,20.558333333333334,1.8826245941022974,18.2,19.0,20.0,22.25,24.2
2021,7,27,24.0,20.291666666666668,1.3134477254676835,18.8,19.4,20.0,20.6,24.0
2021,7,28,24.0,21.200000000000003,2.320419752132566,19.0,19.4,20.0,22.3,26.4
2021,7,29,24.0,22.166666666666668,2.035055103765576,19.4,20.0,22.6,24.0,25.0
2021,7,30,24.0,22.65833333333333,1.8086547166493583,19.8,21.7,22.2,23.4,27.4
2021,7,31,24.0,21.350000000000005,1.7675824807026563,18.2,20.2,21.0,22.45,25.0
2021,8,1,24.0,19.566666666666666,1.4478369673613019,18.0,18.4,19.1,20.6,22.8
2021,8,2,24.0,21.033333333333335,2.878203948821989,18.0,18.55,20.3,23.5,26.0
2021,8,3,24.0,19.858333333333334,1.8153731600265905,17.4,18.4,19.299999999999997,20.9,23.6
2021,8,4,24.0,17.441666666666666,1.4264326640004907,16.2,17.0,17.299999999999997,17.6,23.8
2021,8,5,24.0,19.083333333333332,3.5941579006065876,15.0,15.95,18.1,21.85,25.4
2021,8,6,24.0,20.116666666666667,2.9357861944818366,16.4,18.2,19.3,22.549999999999997,26.4
2021,8,7,24.0,18.925,1.2069544856517096,17.2,18.0,18.8,19.700000000000003,21.6
2021,8,8,24.0,19.98333333333333,2.786873995477131,17.2,17.8,18.8,21.95,25.6
2021,8,9,24.0,20.974999999999998,2.911633338120062,17.4,18.450000000000003,20.5,22.95,26.0
2021,8,10,24.0,22.041666666666668,2.3450070300565184,19.2,20.0,21.6,23.549999999999997,26.8
2021,8,11,24.0,24.09166666666667,2.709069576628569,20.8,21.349999999999998,24.4,26.0,28.2
2021,8,12,24.0,25.65833333333333,1.849539699884616,23.0,24.450000000000003,25.299999999999997,26.75,28.8
2021,8,13,24.0,25.76666666666667,3.020893427688119,22.2,23.0,25.299999999999997,27.85,31.4
2021,8,14,24.0,26.73333333333333,2.3058840927668856,23.8,24.95,26.1,28.15,31.4
2021,8,15,24.0,26.875,1.9217858542421467,24.4,25.4,26.5,28.700000000000003,30.0
2021,8,16,24.0,25.383333333333336,2.1916177599657067,22.6,23.8,24.6,27.2,29.2
2021,8,17,24.0,23.508333333333336,2.843744724473527,20.0,21.2,22.9,25.2,29.0
2021,8,18,24.0,21.375,1.6777961735562517,18.6,19.95,21.6,22.35,24.8
2021,8,19,24.0,20.766666666666666,1.5067000124564385,18.6,19.65,20.8,21.549999999999997,23.8
2021,8,20,24.0,21.899999999999995,1.8881783261398664,19.6,20.4,21.4,22.9,26.0
2021,8,21,24.0,23.175,2.6462853374034556,20.0,21.1,22.2,25.1,28.4
2021,8,22,24.0,23.23333333333333,2.2143144324591986,20.8,21.349999999999998,22.8,24.8,28.0
2021,8,23,24.0,22.366666666666664,2.3313863512598205,19.2,20.450000000000003,21.9,24.700000000000003,26.0
2021,8,24,24.0,19.650000000000002,1.5772844026859971,17.4,18.0,19.9,21.0,22.6
2021,8,25,24.0,19.8,2.4784286747155293,16.4,18.0,19.0,21.1,25.0
2021,8,26,24.0,21.275000000000002,2.907150106054112,18.2,18.95,20.5,23.05,27.0
2021,8,27,24.0,19.083333333333332,1.400517502697599,16.6,18.0,18.8,20.2,21.4
2021,8,28,24.0,17.916666666666668,2.580135936200913,15.0,15.4,17.6,20.0,23.2
2021,8,29,24.0,19.216666666666665,2.8516458507274387,15.4,17.0,18.3,21.0,24.8
2021,8,30,24.0,19.21666666666667,2.4818763355428364,15.0,17.0,19.2,21.2,23.0
2021,8,31,24.0,18.733333333333334,2.147327290552985,15.0,16.95,19.0,20.0,22.8
2021,9,1,24.0,19.46666666666667,2.2150996967781533,16.0,17.8,18.8,21.15,23.6
2021,9,2,24.0,19.508333333333333,1.952460357926727,17.0,17.95,19.1,20.85,23.8
2021,9,3,24.0,19.016666666666666,2.141853457145016,16.0,17.299999999999997,18.6,20.0,23.4
2021,9,4,24.0,19.75,2.0474798931963845,17.2,18.0,19.2,21.1,25.0
2021,9,5,24.0,20.425,2.133225767215708,17.6,19.0,19.7,21.85,25.0
2021,9,6,24.0,19.866666666666667,2.396857846479821,16.2,18.55,19.6,21.8,24.2
2021,9,7,24.0,20.783333333333335,2.0716862836759367,18.4,19.0,20.0,22.35,25.0
2021,9,8,24.0,18.666666666666668,1.3801911230811057,16.6,17.55,18.700000000000003,19.45,21.4
2021,9,9,24.0,18.491666666666667,1.1956139651338924,16.8,17.7,18.1,19.2,20.8
2021,9,10,24.0,18.791666666666668,1.2021418084137294,16.6,17.95,19.0,19.8,20.6
2021,9,11,24.0,19.95,2.6652351229993885,17.0,17.95,18.9,21.700000000000003,25.2
2021,9,12,24.0,20.358333333333334,2.1313226484706758,17.6,18.6,19.8,22.05,24.4
2021,9,13,24.0,21.291666666666668,2.3271398131923506,18.6,19.4,20.4,22.85,25.8
2021,9,14,24.0,20.333333333333332,1.133929936746215,18.6,19.5,20.4,21.05,22.6
2021,9,15,24.0,19.09166666666667,0.621300646027045,18.4,18.6,19.0,19.45,20.6
2021,9,16,24.0,18.183333333333334,1.1969768682762445,16.6,17.0,18.0,19.15,20.0
2021,9,17,24.0,18.841666666666665,2.8148544895076633,16.0,16.349999999999998,18.3,20.95,24.4
2021,9,18,24.0,18.5625,1.9477551180782453,16.1,17.0,17.9,20.2,22.2
2021,9,19,24.0,15.941666666666665,1.5786391130576245,14.0,14.4,16.1,16.45,18.8
2021,9,20,24.0,16.083333333333332,1.7484568765844248,13.8,14.75,15.4,17.6,18.8
2021,9,21,24.0,16.091666666666665,2.0241834997301282,13.4,14.149999999999999,15.8,17.1,20.4
2021,9,22,24.0,16.666666666666668,1.9760889494736527,14.8,15.149999999999999,16.1,17.15,21.4
2021,9,23,24.0,16.558333333333334,1.3943727487005908,15.0,15.4,16.1,17.45,19.8
2021,9,24,24.0,17.283333333333335,2.413668805252551,14.8,15.0,16.5,18.900000000000002,22.0
2021,9,25,24.0,16.641666666666666,0.5241279852550673,15.8,16.2,16.700000000000003,17.0,17.6
2021,9,26,24.0,15.525,0.5832815712024062,14.2,15.0,15.6,16.0,16.4
2021,9,27,24.0,16.525,1.9415928019787396,14.2,14.8,15.8,18.3,19.6
2021,9,28,24.0,17.15833333333333,1.043371069373594,16.0,16.4,16.8,17.85,19.4
2021,9,29,24.0,17.408333333333335,1.465521621535624,15.8,16.55,16.9,17.8,21.2
2021,9,30,24.0,16.258333333333333,1.4832152696867318,14.4,15.35,16.0,16.650000000000002,20.0
2021,10,1,24.0,15.050000000000002,1.200362264159196,12.6,14.7,15.1,16.0,17.0
2021,10,2,24.0,14.958333333333334,0.8924400682187678,13.6,14.35,14.9,15.299999999999999,17.0
2021,10,3,24.0,13.625,0.450362173096855,12.8,13.55,13.6,14.0,14.6
2021,10,4,24.0,14.225000000000001,0.6758247779082851,13.2,13.6,14.1,14.850000000000001,15.4
2021,10,5,24.0,13.783333333333331,0.6926111065580282,12.6,13.4,13.8,14.0,15.2
2021,10,6,24.0,13.35,1.5639971088597764,11.6,12.0,12.8,14.35,17.0
2021,10,7,24.0,13.708333333333334,2.0565730606091264,11.0,12.0,13.100000000000001,14.850000000000001,18.2
2021,10,8,24.0,13.283333333333331,1.854645557762328,10.2,12.4,13.2,14.0,17.0
2021,10,9,24.0,11.883333333333333,0.8380446530941594,10.6,11.0,11.8,12.850000000000001,13.0
2021,10,10,24.0,11.6,1.6587056242221183,9.4,10.95,11.0,12.1,15.4
2021,10,11,24.0,12.775,2.718895236000796,10.0,10.35,11.8,14.8,18.2
2021,10,12,24.0,12.041666666666666,1.3107968590888144,9.8,11.2,11.8,12.6,15.0
2021,10,13,24.0,11.199999999999998,1.8687359131357963,9.0,9.75,10.5,12.15,15.2
2021,10,14,24.0,9.541666666666666,1.3736389838567535,7.0,8.95,9.4,10.05,13.0
2021,10,15,24.0,9.025,1.7813648895061385,3.2,8.0,9.0,9.55,12.2
2021,10,16,24.0,10.491666666666667,1.993013158329709,8.0,9.149999999999999,9.7,11.65,14.2
2021,10,17,24.0,11.608333333333333,1.5474851032974557,9.8,10.2,11.1,12.6,15.0
2021,10,18,24.0,12.525,2.0908184376292542,10.6,10.75,11.7,13.7,17.0
2021,10,19,24.0,12.858333333333334,1.3272779161376365,11.2,11.8,12.6,13.7,15.4
2021,10,20,24.0,12.375,0.7853274033387493,11.0,11.95,12.4,13.0,13.8
2021,10,21,24.0,11.791666666666666,0.6142628432354592,10.8,11.35,11.8,11.9,12.8
2021,10,22,24.0,12.391666666666666,1.5305346228962144,10.8,11.0,11.9,13.5,15.8
2021,10,23,24.0,11.983333333333334,0.7844503291098676,10.4,11.4,12.0,12.6,13.6
2021,10,24,24.0,10.908333333333337,0.6877288815316351,10.0,10.5,10.8,11.1,12.4
2021,10,25,24.0,10.991666666666667,1.433122667363176,9.6,10.0,10.2,11.7,14.4
2021,10,26,24.0,10.541666666666666,1.5133943038219022,9.0,9.55,10.0,11.45,14.0
2021,10,27,24.0,11.816666666666668,1.8471285981141146,10.0,10.0,11.5,13.05,15.4
2021,10,28,24.0,12.133333333333333,1.209623249527348,10.8,11.149999999999999,11.9,12.8,15.0
2021,10,29,24.0,10.791666666666666,0.8737309637991832,10.0,10.0,10.4,11.65,12.8
2021,10,30,24.0,8.799999999999999,0.7890555719670028,7.8,8.0,9.0,9.25,10.4
2021,10,31,25.0,7.944,0.47441191665752536,7.4,7.6,7.8,8.4,8.8
2021,11,1,24.0,7.633333333333333,0.4992748364566758,7.0,7.4,7.4,7.6499999999999995,9.0
2021,11,2,24.0,10.600000000000001,1.4989851639489733,8.6,9.75,10.0,11.45,14.0
2021,11,3,24.0,7.091666666666666,0.2205066629510254,6.8,7.0,7.0,7.2,8.0
2021,11,4,24.0,7.858333333333333,1.3442038751510184,5.6,7.0,7.8,8.45,11.0
2021,11,5,24.0,7.966666666666666,1.675051372779138,5.4,6.4,8.2,9.0,11.2
2021,11,6,24.0,7.833333333333333,1.4211650660382615,6.0,6.9,7.8,8.4,10.8
2021,11,7,24.0,8.174999999999999,1.4546028891822644,6.0,6.95,8.1,9.25,11.0
2021,11,8,24.0,7.55,0.7107864597080813,6.4,7.0,7.4,8.0,9.4
2021,11,9,24.0,7.6499999999999995,0.5013026509266502,7.0,7.3500000000000005,7.6,8.2,8.4
2021,11,10,24.0,7.766666666666667,0.761386987626881,6.6,7.15,7.699999999999999,8.2,9.2
2021,11,11,24.0,9.333333333333334,2.030777676412288,7.0,7.4,9.399999999999999,11.25,12.2
2021,11,12,24.0,10.766666666666666,0.761386987626881,9.6,10.0,11.0,11.4,12.0
2021,11,13,24.0,9.383333333333333,0.7148527769783253,8.0,8.95,9.3,10.0,10.8
2021,11,14,24.0,7.650000000000001,0.572560989726441,6.6,7.300000000000001,7.8,8.05,8.6
2021,11,15,24.0,6.833333333333333,0.37609742801875,6.2,6.55,6.8,7.05,7.4
2021,11,16,24.0,7.916666666666667,0.7340576133452639,7.0,7.55,7.6,8.4,9.4
2021,11,17,24.0,7.758333333333333,0.8042910281552409,6.8,7.15,7.4,8.6,9.0
2021,11,18,24.0,9.158333333333333,0.9136247287193666,8.0,8.2,9.0,9.8,11.0
2021,11,19,24.0,8.358333333333333,0.81075202163159,6.8,7.8,8.7,9.0,9.6
2021,11,20,24.0,9.383333333333333,1.1373755705156487,7.6,8.55,9.3,10.05,11.8
2021,11,21,24.0,7.283333333333334,0.5466631318372813,6.2,7.0,7.2,7.699999999999999,8.0
2021,11,22,24.0,5.3,0.7295025106491945,4.0,4.8,5.300000000000001,6.0,6.2
2021,11,23,24.0,5.7749999999999995,0.5383146001137739,4.6,5.4,5.9,6.2,6.6
2021,11,24,24.0,6.183333333333334,0.6951175481867088,5.2,5.8,6.0,6.45,7.8
2021,11,25,24.0,3.391666666666667,1.2475773624758981,2.0,2.35,2.8,4.6499999999999995,5.4
2021,11,26,24.0,4.566666666666666,1.376405737282139,2.4,3.0,4.8,5.85,6.4
2021,11,27,24.0,3.4583333333333335,0.6170875962529756,2.8,3.0,3.2,3.7,5.0
2021,11,28,24.0,2.9333333333333336,1.3877309182436182,0.2,2.1500000000000004,3.2,4.0,5.0
2021,11,29,24.0,4.133333333333333,1.2352315983042512,3.0,3.1500000000000004,3.7,4.95,6.6
2021,11,30,24.0,3.158333333333333,1.0466994363927629,1.6,2.0,3.4,4.0,4.6
2021,12,1,24.0,4.058333333333333,1.122852217101287,3.0,3.2,3.7,5.0,6.0
2021,12,2,24.0,3.6999999999999997,0.8340576562282991,2.8,3.0,3.5999999999999996,4.2,5.8
2021,12,3,24.0,3.6333333333333333,0.8143638043264825,2.0,3.2,3.3,4.0,5.2
2021,12,4,24.0,2.566666666666667,0.686938176236417,1.6,2.0,2.4,2.8,4.2
2021,12,5,24.0,3.4,1.8129965586672057,0.2,1.6,4.2,4.6499999999999995,6.2
2021,12,6,24.0,3.5333333333333337,1.350898788300546,1.8,2.35,3.4,4.1,6.0
2021,12,7,24.0,3.4333333333333336,0.7749707801878258,2.0,3.0,3.5,3.8499999999999996,5.0
2021,12,8,24.0,-0.05833333333333335,1.6696567381316454,-2.0,-1.15,-0.2,0.5,3.2
2021,12,9,24.0,3.141666666666667,1.6913891040944053,0.2,2.75,3.6,4.4,5.2
2021,12,10,24.0,0.7833333333333333,1.2973775109030916,-1.0,-0.05,0.4,1.8,3.6
2021,12,11,24.0,3.983333333333333,2.1377897294954504,0.0,2.75,4.5,5.6499999999999995,7.0
2021,12,12,24.0,5.708333333333333,1.0778064142816495,4.2,4.95,5.300000000000001,6.15,8.0
2021,12,13,24.0,8.549999999999999,1.078243337865889,7.0,7.6,8.7,9.299999999999999,10.2
2021,12,14,24.0,8.591666666666667,1.6623494810362378,6.6,7.0,8.7,9.850000000000001,11.8
2021,12,15,24.0,5.383333333333333,1.305395714338948,4.0,4.4,5.1,6.0,8.6
2021,12,16,24.0,4.816666666666666,1.317331514403485,3.4,4.0,4.2,5.45,7.8
2021,12,17,24.0,6.316666666666666,2.6897012387295334,2.8,3.8,6.1,9.0,10.0
2021,12,18,24.0,4.75,1.1363557311978,3.8,4.0,4.4,5.0,8.4
2021,12,19,24.0,6.966666666666666,2.2182379741914366,4.0,5.0,7.0,9.05,10.4
2021,12,20,24.0,9.141666666666667,4.5310442856852085,0.0,9.200000000000001,11.0,11.55,14.0
2021,12,21,24.0,2.6666666666666665,0.8780743093574843,1.0,2.0,2.8,3.1,4.0
2021,12,22,24.0,1.825,0.7651371005308105,0.8,1.15,1.8,2.45,3.0
2021,12,23,24.0,1.2041666666666666,0.5488954653520631,0.4,0.95,1.0,1.4,2.6
2021,12,24,24.0,1.6916666666666667,1.3028118976198022,0.0,0.55,1.2,3.0,3.6
2021,12,25,24.0,3.6166666666666667,0.4526892269889843,2.4,3.4,3.6,4.0,4.4
2021,12,26,24.0,4.125,0.9114012145663641,2.4,3.4,4.0,5.0,5.4
2021,12,27,24.0,3.9749999999999996,0.9386623229477888,2.6,3.0,4.5,4.85,5.0
2021,12,28,24.0,4.616666666666666,0.6696310903037951,3.8,4.0,4.6,4.85,6.2
2021,12,29,24.0,8.408333333333333,1.9269071110182645,4.4,7.65,8.6,9.8,11.2
2021,12,30,24.0,8.354166666666666,4.787572605117897,-1.8,8.575,9.7,11.05,13.4
2021,12,31,24.0,5.329166666666667,6.690452585371295,-3.4,-1.95,10.0,11.05,11.8
